{
    "qwen\/qwen3-4b-2507":{
        "Trust_Score":0.8726811897,
        "Accuracy":0.8931372549,
        "Total_Runs":1020
    },
    "qwen\/qwen3-4b-thinking-2507":{
        "Trust_Score":0.8511677925,
        "Accuracy":0.8928571429,
        "Total_Runs":280
    },
    "driaforall.mem-agent":{
        "Trust_Score":0.8432915303,
        "Accuracy":0.9083333333,
        "Total_Runs":120
    },
    "qwen3-8b":{
        "Trust_Score":0.7782121198,
        "Accuracy":0.8833333333,
        "Total_Runs":60
    },
    "google\/gemma-3n-e4b":{
        "Trust_Score":0.7537265502,
        "Accuracy":0.8166666667,
        "Total_Runs":180
    },
    "jan-v1-4b":{
        "Trust_Score":0.7388541093,
        "Accuracy":0.85,
        "Total_Runs":60
    },
    "deepseek\/deepseek-r1-0528-qwen3-8b":{
        "Trust_Score":0.7115975049,
        "Accuracy":0.7777777778,
        "Total_Runs":180
    },
    "qwen2.5-7b-instruct-1m":{
        "Trust_Score":0.5749129205,
        "Accuracy":0.7,
        "Total_Runs":60
    },
    "gemma3:4b":{
        "Trust_Score":0.5697658482,
        "Accuracy":0.6413043478,
        "Total_Runs":184
    },
    "deepseek-coder-v2-lite-instruct":{
        "Trust_Score":0.5576623297,
        "Accuracy":0.6833333333,
        "Total_Runs":60
    },
    "jan-nano":{
        "Trust_Score":0.5368074498,
        "Accuracy":0.6117647059,
        "Total_Runs":170
    }
}