{
    "qwen\/qwen3-4b-thinking-2507":{
        "Trust_Score":0.8511677925,
        "Accuracy":0.8928571429,
        "Total_Runs":280
    },
    "qwen\/qwen3-4b-2507":{
        "Trust_Score":0.8467847539,
        "Accuracy":0.8685714286,
        "Total_Runs":1050
    },
    "driaforall.mem-agent":{
        "Trust_Score":0.8432915303,
        "Accuracy":0.9083333333,
        "Total_Runs":120
    },
    "openai\/gpt-oss-20b":{
        "Trust_Score":0.8189511687,
        "Accuracy":0.8909090909,
        "Total_Runs":110
    },
    "qwen3-8b":{
        "Trust_Score":0.7782121198,
        "Accuracy":0.8833333333,
        "Total_Runs":60
    },
    "google\/gemma-3n-e4b":{
        "Trust_Score":0.7537265502,
        "Accuracy":0.8166666667,
        "Total_Runs":180
    },
    "jan-v1-4b":{
        "Trust_Score":0.7388541093,
        "Accuracy":0.85,
        "Total_Runs":60
    },
    "deepseek\/deepseek-r1-0528-qwen3-8b":{
        "Trust_Score":0.7115975049,
        "Accuracy":0.7777777778,
        "Total_Runs":180
    },
    "unsloth\/gpt-oss-20b":{
        "Trust_Score":0.6937760816,
        "Accuracy":0.7611111111,
        "Total_Runs":180
    },
    "qwen2.5-7b-instruct-1m":{
        "Trust_Score":0.5749129205,
        "Accuracy":0.7,
        "Total_Runs":60
    },
    "gemma3:4b":{
        "Trust_Score":0.5697658482,
        "Accuracy":0.6413043478,
        "Total_Runs":184
    },
    "deepseek-coder-v2-lite-instruct":{
        "Trust_Score":0.5576623297,
        "Accuracy":0.6833333333,
        "Total_Runs":60
    },
    "jan-nano":{
        "Trust_Score":0.5368074498,
        "Accuracy":0.6117647059,
        "Total_Runs":170
    },
    "qwen3-coder-30b-a3b-instruct@q3_k_xl":{
        "Trust_Score":0.4410343878,
        "Accuracy":0.5666666667,
        "Total_Runs":60
    }
}